#idx	name	x	y	z	fee
0	1st Floor Lobby	85399	16197	-3674	0
1	2nd Floor Human Wizard Guild	85399	16197	-2804	0
2	3rd Floor Elven Wizard Guild	85399	16197	-2288	0
3	4th Floor Dark Wizard Guild	85399	16197	-1771	0
4	Abandoned Camp	-49853	147089	-2784	500
5	Abandoned Coal Mines	139714	-177456	-1536	690
6	Aden Town Square	147450	28081	-2294	0
7	Alligator Island	115583	192261	-3488	2100
8	Ancient Battleground	118509	4779	-4000	500
9	Anghel Waterfall	166182	91560	-3168	500
10	Ant Nest	-9959	176184	-4160	500
11	Antharas' Lair	131557	114509	-3712	7000
12	Bee Hive	34475	188095	-2976	2900
13	Blazing Swamp	155310	-16339	-3320	500
14	Breka's Stronghold	85546	131328	-3672	500
15	Cave of Trials	9340	-112509	-2536	1500
16	Coliseum	146440	46723	-3400	2000
17	Cruma Marshlands	5106	126916	-3664	500
18	Cruma Tower	17225	114173	-3440	2300
19	Crypts of Disgrace	47692	-115745	-3744	500
20	Dark Elf Village	9716	15502	-4500	10000
21	Dark Forest	-22224	14168	-3232	890
22	Den of Evil	68693	-110438	-1946	500
23	Devil's Isle	43408	206881	-3752	500
24	Dion Town Square	19025	145245	-3107	0
25	Dragon Valley	73024	118485	-3720	500
26	Dwarven Village	115120	-178224	-917	4400
27	East Gate Entrance	151950	25094	-2172	0
28	Eastern Mining Zone (Northeastern Shore)	169008	-208272	-3496	2400
29	Elven Forest	21362	51122	-3688	710
30	Elven Fortress	29294	74968	-3776	820
31	Elven Ruins	-112367	234703	-3688	830
32	Elven Village	46890	51531	-2976	9200
33	Enchanted Valley, Northen Region	104426	33746	-3825	500
34	Enchanted Valley, Northern Region	104426	33746	-3825	500
35	Enchanted Valley, Southern Region	124904	61992	-3973	500
36	Entrance to Floran Village	17430	170103	-3506	0
37	Entrance to the Forge of the Gods	169018	-116303	-2432	500
38	Fellmere Harvesting Grounds	-63736	101522	-3552	500
39	Field of Silence	80987	182423	-3504	500
40	Field of Whispers	86147	218268	-3592	500
41	Fields of Massacre	183543	-14974	-2776	6500
42	Forest of Mirrors	142065	81300	-3000	500
43	Forest of the Dead	52107	-54328	-3158	500
44	Forgotten Temple	-53001	191425	-3568	2000
45	Forsaken Plains	168217	37990	-4072	500
46	Fortress of Resistance	47382	111278	-2104	500
47	Front Of Aden Castle	147428	20161	-2008	0
48	Front Of Dion Castle	19888	153395	-3144	0
49	Front Of Giran Castle	107954	145841	-3224	0
50	Front Of Goddard Castle	153996	-50182	-2992	0
51	Front Of Innadril Castle	117608	241660	-1408	0
52	Front Of Oren Castle	75648	39380	-2952	0
53	Front Of Rune Castle	27400	-49180	-1320	0
54	Front Of Schuttgart Castle	76358	-145548	-1176	0
55	Front of the Archaic Fortress	105007	-140874	-3360	0
56	Front of the Bayou Fortress	189664	46042	-4264	0
57	Front of the Borderland Fortress	153460	-70055	-3312	0
58	Front of the Gludio Castle	-15043	116596	-3208	0
59	Front of the Hive Fortress	20126	188254	-3392	0
60	Front of the Ivory Fortress	77023	1591	-3608	0
61	Front of the Narsell Fortress	160702	51661	-3512	0
62	Front of the Shanty Fortress	-58761	154663	-2701	0
63	Front of the Southern Fortress	-29856	214275	-3680	0
64	Front of the Swamp Fortress	71814	-57054	-3088	0
65	Front of the Valley Fortress	125934	118277	-3080	0
66	Front of the White Sands Fortress	124651	207877	-3184	0
67	Frozen Labyrinth	113903	-108752	-848	3500
68	Frozen Waterfall	8652	-139941	-1144	1600
69	Garden of Eva	84413	234334	-3656	2400
70	Giant's Cave Lower Layer	191754	56760	-7624	500
71	Giant's Cave Upper Layer	183985	61424	-3992	500
72	Giran Harbor	47938	186864	-3420	0
73	Giran Town Square	81749	149171	-3464	0
74	Gludio Town Square	-14393	123671	-3144	0
75	Goddard Town Square	147728	-56331	-2776	0
76	Hardin's Private Academy	105846	109762	-3170	3400
77	Heine	111333	219345	-3546	7100
78	Heine Town Square	111455	219400	-3546	0
79	Hot Springs	144880	-113468	-2560	500
80	Hunter's Village	117110	76883	-2670	3400
81	Hunters Village	117110	76883	-2670	4100
82	Ice Merchant Cabin	113903	-108752	-860	500
83	Inside the Garden of Eva	82693	242220	-6712	500
84	Ivory Tower	85391	16228	-3640	500
85	Ketra Orc Outpost	146990	-67128	-3640	500
86	Langk Lizardman Dwellings	-44763	203497	-3592	1800
87	Mithril Mines	171946	-173352	3440	2200
88	Monastery of Silence	106414	-87799	-2949	500
89	Near the frontier post	109721	7394	-2800	500
90	Neutral Zone	-10612	75881	-3592	1700
91	North Gate Entrance	147465	20737	-2130	0
92	Obelisk of Victory	-99586	237637	-3568	470
93	Orc Barracks	-89763	105359	-3576	1800
94	Orc Village	-45186	-112459	-236	13000
95	Oren Castle Town	82971	53207	-1470	6100
96	Oren Town Square	82323	55466	-1480	0
97	Outlaw Forest	91539	-12204	-2440	5200
98	Pavel Ruins	91280	-117152	-3928	2100
99	Plains of Dion	630	179184	-3720	500
100	Plains of the Lizardmen	87252	85514	-3056	1900
101	Plunderous Plains	111965	-154172	-1528	500
102	Red Rock Ridge	-42256	198333	-2800	3700
103	Ruins of Agony	-41248	122848	-2912	500
104	Ruins of Despair	-19120	136816	-3762	500
105	Rune Castle Town Guild	38316	-48216	-1152	150
106	Rune Castle Town Store	43849	-47877	-792	150
107	Rune Town Square	43889	-49101	-792	0
108	Rune Township	43835	-47749	-792	10000
109	Rune Township Temple	38303	-48040	896	150
110	Schuttgart Town Square	87379	-142322	-1336	0
111	Sea of Spores	64328	26803	-3768	500
112	Seal of Shilen	184742	19745	-3168	500
113	Shyeed's Cavern	76911	-55295	-5824	500
114	Silent Valley	170838	55776	-5280	6100
115	Singing Waterfall	-111728	244330	-3448	770
116	Skyshadow Meadow	89914	46276	-3616	780
117	South Entrance of Devastated Castle	181726	-7524	-3464	500
118	South Gate Entrance	147503	32299	-2501	0
119	Spider Nest	-61095	75104	-3352	3600
120	Swamp of Screams	69340	-50203	-3314	500
121	Swampland	-21966	40544	-3192	1100
122	Talking Island Village	-84141	244623	-3729	9400
123	Talking Island, Western Territory (Northern Area)	-106696	214691	-3424	1000
124	Tanor Canyon	60374	164301	-2856	500
125	The Ant Nest	-9959	176184	-4160	500
126	The Center of Alligator Island	113708	178387	-3232	500
127	The Center of the Abandoned Coal Mines	144706	-173223	-1520	500
128	The Giant's Cave Lower Layer	191754	56760	-7624	500
129	The Giant's Cave Upper Layer	183985	61424	-3992	500
130	The Immortal Plateau	-10983	-117484	-2464	960
131	The Immortal Plateau, Southern Region	-4190	-80040	-2696	2000
132	The Town of Dion	15671	142994	-2704	3400
133	The Town of Giran	83475	147966	-3404	4400
134	The Town of Gludio	-12787	122779	-3114	3400
135	The Village of Gludin	-80826	149775	-3043	7300
136	Tower of Insolence	114649	11115	-5120	500
137	Town of Aden	146705	25840	-2000	5900
138	Town of Goddard	148024	-55281	-2728	2400
139	Town of Oren	82971	53207	-1488	3700
140	Town of Rune	43835	-47749	-792	6400
141	Town of Schuttgart	87478	-142297	-1352	4400
142	Underground Shopping Area	84915	15969	-4289	0
143	Valley of Saints	65307	-71445	-3696	500
144	Varka Silenos Barracks	125740	-40864	-3736	500
145	Varka Silenos Stronghold	125740	-40864	-3736	500
146	Village Square	147450	28081	-2294	0
147	Wall of Argos	165054	-47861	-3560	500
148	Wastelands	-16526	208032	-3664	500
149	West Area of the Devastated Castle	168779	-18790	-3184	500
150	West Gate Entrance	142593	26344	-2425	0
151	Western Mining Zone (Central Shore)	136910	-205082	-3664	970
152	Wild Beast Pastures	43805	-88010	-2780	500
153	Windawood Manor	-28327	155125	-3496	500
154	Windmill Hill	-75437	168800	-3632	500
155	Windy Hill	-88539	83389	-2864	500
